{"initial_reset_timestamp": 1615783863.5435467, "timestamps": [1615783864.0354195, 1615783864.541415, 1615783865.0987883, 1615783865.6397276, 1615783866.1971622, 1615783866.71719, 1615783867.271758, 1615783867.8585598, 1615783868.4311013], "episode_lengths": [300, 300, 300, 300, 300, 300, 300, 300, 300], "episode_rewards": [-279.0926617065727, -296.37188661184854, -255.8164437404767, -291.5615216828351, -421.85483229668205, -298.45800492387735, -271.1727623463857, -442.3799858932468, -310.9180794508876], "episode_types": ["t", "t", "t", "t", "t", "t", "t", "t", "t", "t"]}