{"initial_reset_timestamp": 1615880699.8991537, "timestamps": [1615880700.5587668, 1615880701.1925821, 1615880701.6780827, 1615880702.3398874], "episode_lengths": [500, 500, 500, 500], "episode_rewards": [-1047.1226053843702, -372.8306937106827, -1098.1367776027755, -988.0966411430716], "episode_types": ["t", "t", "t", "t", "t"]}